is_member,year,month,day,hour,recor_count
0,,04,Friday,00,386
0,,04,Friday,01,341
0,,04,Friday,02,225
0,,04,Friday,03,169
0,,04,Friday,04,64
0,,04,Friday,05,30
0,,04,Friday,06,50
0,,04,Friday,07,212
0,,04,Friday,08,525
0,,04,Friday,09,444
0,,04,Friday,10,520
0,,04,Friday,11,739
0,,04,Friday,12,929
0,,04,Friday,13,997
0,,04,Friday,14,1135
0,,04,Friday,15,1355
0,,04,Friday,16,1464
0,,04,Friday,17,1664
0,,04,Friday,18,1480
0,,04,Friday,19,1236
0,,04,Friday,20,859
0,,04,Friday,21,875
0,,04,Friday,22,802
0,,04,Friday,23,685
0,,04,Monday,00,247
0,,04,Monday,01,181
0,,04,Monday,02,96
0,,04,Monday,03,68
0,,04,Monday,04,34
0,,04,Monday,05,17
0,,04,Monday,06,93
0,,04,Monday,07,223
0,,04,Monday,08,555
0,,04,Monday,09,543
0,,04,Monday,10,692
0,,04,Monday,11,1032
0,,04,Monday,12,1202
0,,04,Monday,13,1530
0,,04,Monday,14,1534
0,,04,Monday,15,1693
0,,04,Monday,16,1808
0,,04,Monday,17,1913
0,,04,Monday,18,1508
0,,04,Monday,19,1151
0,,04,Monday,20,746
0,,04,Monday,21,609
0,,04,Monday,22,547
0,,04,Monday,23,366
0,,04,Saturday,00,664
0,,04,Saturday,01,745
0,,04,Saturday,02,599
0,,04,Saturday,03,476
0,,04,Saturday,04,158
0,,04,Saturday,05,54
0,,04,Saturday,06,46
0,,04,Saturday,07,101
0,,04,Saturday,08,286
0,,04,Saturday,09,570
0,,04,Saturday,10,1011
0,,04,Saturday,11,1741
0,,04,Saturday,12,2229
0,,04,Saturday,13,2719
0,,04,Saturday,14,3321
0,,04,Saturday,15,3916
0,,04,Saturday,16,3857
0,,04,Saturday,17,3439
0,,04,Saturday,18,2630
0,,04,Saturday,19,1892
0,,04,Saturday,20,1130
0,,04,Saturday,21,988
0,,04,Saturday,22,936
0,,04,Saturday,23,857
0,,04,Sunday,00,694
0,,04,Sunday,01,559
0,,04,Sunday,02,499
0,,04,Sunday,03,465
0,,04,Sunday,04,143
0,,04,Sunday,05,78
0,,04,Sunday,06,60
0,,04,Sunday,07,112
0,,04,Sunday,08,314
0,,04,Sunday,09,773
0,,04,Sunday,10,1615
0,,04,Sunday,11,2376
0,,04,Sunday,12,2891
0,,04,Sunday,13,3497
0,,04,Sunday,14,4010
0,,04,Sunday,15,4064
0,,04,Sunday,16,3599
0,,04,Sunday,17,2891
0,,04,Sunday,18,2251
0,,04,Sunday,19,1621
0,,04,Sunday,20,1066
0,,04,Sunday,21,681
0,,04,Sunday,22,701
0,,04,Sunday,23,467
0,,04,Thursday,00,251
0,,04,Thursday,01,189
0,,04,Thursday,02,149
0,,04,Thursday,03,75
0,,04,Thursday,04,37
0,,04,Thursday,05,33
0,,04,Thursday,06,75
0,,04,Thursday,07,224
0,,04,Thursday,08,526
0,,04,Thursday,09,481
0,,04,Thursday,10,487
0,,04,Thursday,11,728
0,,04,Thursday,12,898
0,,04,Thursday,13,1135
0,,04,Thursday,14,1168
0,,04,Thursday,15,1378
0,,04,Thursday,16,1534
0,,04,Thursday,17,1704
0,,04,Thursday,18,1394
0,,04,Thursday,19,1150
0,,04,Thursday,20,814
0,,04,Thursday,21,664
0,,04,Thursday,22,638
0,,04,Thursday,23,575
0,,04,Tuesday,00,224
0,,04,Tuesday,01,133
0,,04,Tuesday,02,88
0,,04,Tuesday,03,64
0,,04,Tuesday,04,16
0,,04,Tuesday,05,35
0,,04,Tuesday,06,70
0,,04,Tuesday,07,245
0,,04,Tuesday,08,636
0,,04,Tuesday,09,614
0,,04,Tuesday,10,637
0,,04,Tuesday,11,832
0,,04,Tuesday,12,989
0,,04,Tuesday,13,1141
0,,04,Tuesday,14,1227
0,,04,Tuesday,15,1404
0,,04,Tuesday,16,1512
0,,04,Tuesday,17,1849
0,,04,Tuesday,18,1406
0,,04,Tuesday,19,1068
0,,04,Tuesday,20,794
0,,04,Tuesday,21,663
0,,04,Tuesday,22,565
0,,04,Tuesday,23,325
0,,04,Wednesday,00,235
0,,04,Wednesday,01,137
0,,04,Wednesday,02,99
0,,04,Wednesday,03,65
0,,04,Wednesday,04,34
0,,04,Wednesday,05,37
0,,04,Wednesday,06,58
0,,04,Wednesday,07,268
0,,04,Wednesday,08,548
0,,04,Wednesday,09,419
0,,04,Wednesday,10,501
0,,04,Wednesday,11,544
0,,04,Wednesday,12,694
0,,04,Wednesday,13,722
0,,04,Wednesday,14,834
0,,04,Wednesday,15,920
0,,04,Wednesday,16,1029
0,,04,Wednesday,17,1150
0,,04,Wednesday,18,1065
0,,04,Wednesday,19,873
0,,04,Wednesday,20,587
0,,04,Wednesday,21,492
0,,04,Wednesday,22,511
0,,04,Wednesday,23,310
0,,05,Friday,00,1452
0,,05,Friday,01,1048
0,,05,Friday,02,726
0,,05,Friday,03,541
0,,05,Friday,04,222
0,,05,Friday,05,180
0,,05,Friday,06,300
0,,05,Friday,07,910
0,,05,Friday,08,2076
0,,05,Friday,09,1848
0,,05,Friday,10,2372
0,,05,Friday,11,3342
0,,05,Friday,12,3867
0,,05,Friday,13,4173
0,,05,Friday,14,4983
0,,05,Friday,15,5405
0,,05,Friday,16,6137
0,,05,Friday,17,6165
0,,05,Friday,18,5983
0,,05,Friday,19,5122
0,,05,Friday,20,4387
0,,05,Friday,21,3693
0,,05,Friday,22,3622
0,,05,Friday,23,3415
0,,05,Monday,00,1489
0,,05,Monday,01,993
0,,05,Monday,02,628
0,,05,Monday,03,482
0,,05,Monday,04,167
0,,05,Monday,05,168
0,,05,Monday,06,264
0,,05,Monday,07,724
0,,05,Monday,08,1725
0,,05,Monday,09,1862
0,,05,Monday,10,2666
0,,05,Monday,11,4022
0,,05,Monday,12,4635
0,,05,Monday,13,5209
0,,05,Monday,14,5715
0,,05,Monday,15,5741
0,,05,Monday,16,6005
0,,05,Monday,17,5925
0,,05,Monday,18,4931
0,,05,Monday,19,4047
0,,05,Monday,20,3103
0,,05,Monday,21,2338
0,,05,Monday,22,1791
0,,05,Monday,23,1262
0,,05,Saturday,00,2510
0,,05,Saturday,01,2558
0,,05,Saturday,02,2005
0,,05,Saturday,03,1782
0,,05,Saturday,04,524
0,,05,Saturday,05,258
0,,05,Saturday,06,207
0,,05,Saturday,07,426
0,,05,Saturday,08,1131
0,,05,Saturday,09,2263
0,,05,Saturday,10,4459
0,,05,Saturday,11,7188
0,,05,Saturday,12,9555
0,,05,Saturday,13,11742
0,,05,Saturday,14,12860
0,,05,Saturday,15,13412
0,,05,Saturday,16,12136
0,,05,Saturday,17,10980
0,,05,Saturday,18,9825
0,,05,Saturday,19,8058
0,,05,Saturday,20,6033
0,,05,Saturday,21,4669
0,,05,Saturday,22,4457
0,,05,Saturday,23,4185
0,,05,Sunday,00,3536
0,,05,Sunday,01,2911
0,,05,Sunday,02,2484
0,,05,Sunday,03,2349
0,,05,Sunday,04,700
0,,05,Sunday,05,292
0,,05,Sunday,06,290
0,,05,Sunday,07,447
0,,05,Sunday,08,1234
0,,05,Sunday,09,2926
0,,05,Sunday,10,5841
0,,05,Sunday,11,9116
0,,05,Sunday,12,12049
0,,05,Sunday,13,14140
0,,05,Sunday,14,15655
0,,05,Sunday,15,16245
0,,05,Sunday,16,15902
0,,05,Sunday,17,14132
0,,05,Sunday,18,12222
0,,05,Sunday,19,9829
0,,05,Sunday,20,7743
0,,05,Sunday,21,5455
0,,05,Sunday,22,4299
0,,05,Sunday,23,2910
0,,05,Thursday,00,1514
0,,05,Thursday,01,992
0,,05,Thursday,02,641
0,,05,Thursday,03,425
0,,05,Thursday,04,154
0,,05,Thursday,05,157
0,,05,Thursday,06,336
0,,05,Thursday,07,1212
0,,05,Thursday,08,2553
0,,05,Thursday,09,2057
0,,05,Thursday,10,2449
0,,05,Thursday,11,3300
0,,05,Thursday,12,3932
0,,05,Thursday,13,4129
0,,05,Thursday,14,4608
0,,05,Thursday,15,5107
0,,05,Thursday,16,5682
0,,05,Thursday,17,6079
0,,05,Thursday,18,5396
0,,05,Thursday,19,4580
0,,05,Thursday,20,3505
0,,05,Thursday,21,2950
0,,05,Thursday,22,2507
0,,05,Thursday,23,2134
0,,05,Tuesday,00,897
0,,05,Tuesday,01,519
0,,05,Tuesday,02,394
0,,05,Tuesday,03,243
0,,05,Tuesday,04,123
0,,05,Tuesday,05,119
0,,05,Tuesday,06,292
0,,05,Tuesday,07,984
0,,05,Tuesday,08,2063
0,,05,Tuesday,09,1817
0,,05,Tuesday,10,2346
0,,05,Tuesday,11,2946
0,,05,Tuesday,12,3394
0,,05,Tuesday,13,3793
0,,05,Tuesday,14,3882
0,,05,Tuesday,15,4493
0,,05,Tuesday,16,5236
0,,05,Tuesday,17,6222
0,,05,Tuesday,18,5138
0,,05,Tuesday,19,4538
0,,05,Tuesday,20,3391
0,,05,Tuesday,21,2852
0,,05,Tuesday,22,2384
0,,05,Tuesday,23,1764
0,,05,Wednesday,00,1197
0,,05,Wednesday,01,851
0,,05,Wednesday,02,546
0,,05,Wednesday,03,422
0,,05,Wednesday,04,149
0,,05,Wednesday,05,151
0,,05,Wednesday,06,336
0,,05,Wednesday,07,1112
0,,05,Wednesday,08,2379
0,,05,Wednesday,09,2264
0,,05,Wednesday,10,2331
0,,05,Wednesday,11,3220
0,,05,Wednesday,12,3902
0,,05,Wednesday,13,4232
0,,05,Wednesday,14,4720
0,,05,Wednesday,15,5190
0,,05,Wednesday,16,5943
0,,05,Wednesday,17,6859
0,,05,Wednesday,18,6200
0,,05,Wednesday,19,5278
0,,05,Wednesday,20,4350
0,,05,Wednesday,21,3589
0,,05,Wednesday,22,3450
0,,05,Wednesday,23,2483
0,,06,Friday,00,2828
0,,06,Friday,01,1895
0,,06,Friday,02,1178
0,,06,Friday,03,1012
0,,06,Friday,04,389
0,,06,Friday,05,278
0,,06,Friday,06,377
0,,06,Friday,07,1073
0,,06,Friday,08,2522
0,,06,Friday,09,2686
0,,06,Friday,10,3473
0,,06,Friday,11,5341
0,,06,Friday,12,6068
0,,06,Friday,13,6476
0,,06,Friday,14,6953
0,,06,Friday,15,7683
0,,06,Friday,16,8398
0,,06,Friday,17,8948
0,,06,Friday,18,8594
0,,06,Friday,19,8017
0,,06,Friday,20,7167
0,,06,Friday,21,6579
0,,06,Friday,22,6229
0,,06,Friday,23,5943
0,,06,Monday,00,1852
0,,06,Monday,01,1279
0,,06,Monday,02,790
0,,06,Monday,03,638
0,,06,Monday,04,240
0,,06,Monday,05,203
0,,06,Monday,06,344
0,,06,Monday,07,937
0,,06,Monday,08,2007
0,,06,Monday,09,2231
0,,06,Monday,10,3142
0,,06,Monday,11,4592
0,,06,Monday,12,5220
0,,06,Monday,13,5699
0,,06,Monday,14,6253
0,,06,Monday,15,6601
0,,06,Monday,16,7101
0,,06,Monday,17,7412
0,,06,Monday,18,6298
0,,06,Monday,19,5384
0,,06,Monday,20,4612
0,,06,Monday,21,3837
0,,06,Monday,22,3262
0,,06,Monday,23,2151
0,,06,Saturday,00,5237
0,,06,Saturday,01,4569
0,,06,Saturday,02,3305
0,,06,Saturday,03,2763
0,,06,Saturday,04,941
0,,06,Saturday,05,481
0,,06,Saturday,06,445
0,,06,Saturday,07,771
0,,06,Saturday,08,1768
0,,06,Saturday,09,3626
0,,06,Saturday,10,6282
0,,06,Saturday,11,9293
0,,06,Saturday,12,12165
0,,06,Saturday,13,13643
0,,06,Saturday,14,15509
0,,06,Saturday,15,16625
0,,06,Saturday,16,15867
0,,06,Saturday,17,15111
0,,06,Saturday,18,13171
0,,06,Saturday,19,11462
0,,06,Saturday,20,9902
0,,06,Saturday,21,8371
0,,06,Saturday,22,7633
0,,06,Saturday,23,7385
0,,06,Sunday,00,6033
0,,06,Sunday,01,4726
0,,06,Sunday,02,3678
0,,06,Sunday,03,3713
0,,06,Sunday,04,1226
0,,06,Sunday,05,541
0,,06,Sunday,06,441
0,,06,Sunday,07,725
0,,06,Sunday,08,1723
0,,06,Sunday,09,3605
0,,06,Sunday,10,6609
0,,06,Sunday,11,9653
0,,06,Sunday,12,11757
0,,06,Sunday,13,13500
0,,06,Sunday,14,14703
0,,06,Sunday,15,14531
0,,06,Sunday,16,12729
0,,06,Sunday,17,12047
0,,06,Sunday,18,10277
0,,06,Sunday,19,9233
0,,06,Sunday,20,7895
0,,06,Sunday,21,6683
0,,06,Sunday,22,5408
0,,06,Sunday,23,4363
0,,06,Thursday,00,2002
0,,06,Thursday,01,1191
0,,06,Thursday,02,746
0,,06,Thursday,03,605
0,,06,Thursday,04,272
0,,06,Thursday,05,191
0,,06,Thursday,06,395
0,,06,Thursday,07,1195
0,,06,Thursday,08,2834
0,,06,Thursday,09,2456
0,,06,Thursday,10,2994
0,,06,Thursday,11,3801
0,,06,Thursday,12,4681
0,,06,Thursday,13,4768
0,,06,Thursday,14,4939
0,,06,Thursday,15,5878
0,,06,Thursday,16,6309
0,,06,Thursday,17,7725
0,,06,Thursday,18,6885
0,,06,Thursday,19,5971
0,,06,Thursday,20,5304
0,,06,Thursday,21,4459
0,,06,Thursday,22,4247
0,,06,Thursday,23,3811
0,,06,Tuesday,00,1369
0,,06,Tuesday,01,894
0,,06,Tuesday,02,534
0,,06,Tuesday,03,359
0,,06,Tuesday,04,156
0,,06,Tuesday,05,155
0,,06,Tuesday,06,330
0,,06,Tuesday,07,946
0,,06,Tuesday,08,2042
0,,06,Tuesday,09,2056
0,,06,Tuesday,10,2535
0,,06,Tuesday,11,3502
0,,06,Tuesday,12,4043
0,,06,Tuesday,13,4353
0,,06,Tuesday,14,4520
0,,06,Tuesday,15,4633
0,,06,Tuesday,16,5339
0,,06,Tuesday,17,6290
0,,06,Tuesday,18,5354
0,,06,Tuesday,19,4775
0,,06,Tuesday,20,4087
0,,06,Tuesday,21,3557
0,,06,Tuesday,22,3083
0,,06,Tuesday,23,2240
0,,06,Wednesday,00,1591
0,,06,Wednesday,01,1162
0,,06,Wednesday,02,688
0,,06,Wednesday,03,517
0,,06,Wednesday,04,237
0,,06,Wednesday,05,179
0,,06,Wednesday,06,382
0,,06,Wednesday,07,1166
0,,06,Wednesday,08,2632
0,,06,Wednesday,09,2267
0,,06,Wednesday,10,3090
0,,06,Wednesday,11,4277
0,,06,Wednesday,12,4850
0,,06,Wednesday,13,5228
0,,06,Wednesday,14,5589
0,,06,Wednesday,15,6017
0,,06,Wednesday,16,6528
0,,06,Wednesday,17,7213
0,,06,Wednesday,18,6210
0,,06,Wednesday,19,5365
0,,06,Wednesday,20,4682
0,,06,Wednesday,21,3729
0,,06,Wednesday,22,3248
0,,06,Wednesday,23,2720
0,,07,Friday,00,3084
0,,07,Friday,01,2270
0,,07,Friday,02,1526
0,,07,Friday,03,1167
0,,07,Friday,04,406
0,,07,Friday,05,280
0,,07,Friday,06,434
0,,07,Friday,07,1235
0,,07,Friday,08,2788
0,,07,Friday,09,3316
0,,07,Friday,10,4798
0,,07,Friday,11,6882
0,,07,Friday,12,8332
0,,07,Friday,13,8725
0,,07,Friday,14,9252
0,,07,Friday,15,9500
0,,07,Friday,16,10197
0,,07,Friday,17,10214
0,,07,Friday,18,9259
0,,07,Friday,19,8230
0,,07,Friday,20,7432
0,,07,Friday,21,6684
0,,07,Friday,22,6346
0,,07,Friday,23,6104
0,,07,Monday,00,2726
0,,07,Monday,01,1678
0,,07,Monday,02,1036
0,,07,Monday,03,898
0,,07,Monday,04,330
0,,07,Monday,05,292
0,,07,Monday,06,443
0,,07,Monday,07,1296
0,,07,Monday,08,2843
0,,07,Monday,09,3434
0,,07,Monday,10,4718
0,,07,Monday,11,6477
0,,07,Monday,12,7291
0,,07,Monday,13,7365
0,,07,Monday,14,7914
0,,07,Monday,15,8529
0,,07,Monday,16,8454
0,,07,Monday,17,9184
0,,07,Monday,18,8584
0,,07,Monday,19,7263
0,,07,Monday,20,6377
0,,07,Monday,21,5035
0,,07,Monday,22,4212
0,,07,Monday,23,3228
0,,07,Saturday,00,5465
0,,07,Saturday,01,4365
0,,07,Saturday,02,3349
0,,07,Saturday,03,3040
0,,07,Saturday,04,1039
0,,07,Saturday,05,427
0,,07,Saturday,06,422
0,,07,Saturday,07,713
0,,07,Saturday,08,1493
0,,07,Saturday,09,3459
0,,07,Saturday,10,6322
0,,07,Saturday,11,10079
0,,07,Saturday,12,12700
0,,07,Saturday,13,14011
0,,07,Saturday,14,15417
0,,07,Saturday,15,15637
0,,07,Saturday,16,15524
0,,07,Saturday,17,15167
0,,07,Saturday,18,14023
0,,07,Saturday,19,12460
0,,07,Saturday,20,11655
0,,07,Saturday,21,11576
0,,07,Saturday,22,10088
0,,07,Saturday,23,9768
0,,07,Sunday,00,6940
0,,07,Sunday,01,5372
0,,07,Sunday,02,4249
0,,07,Sunday,03,3962
0,,07,Sunday,04,1489
0,,07,Sunday,05,555
0,,07,Sunday,06,453
0,,07,Sunday,07,719
0,,07,Sunday,08,1792
0,,07,Sunday,09,4188
0,,07,Sunday,10,8241
0,,07,Sunday,11,12079
0,,07,Sunday,12,14119
0,,07,Sunday,13,16514
0,,07,Sunday,14,18046
0,,07,Sunday,15,18336
0,,07,Sunday,16,17398
0,,07,Sunday,17,16301
0,,07,Sunday,18,14478
0,,07,Sunday,19,12363
0,,07,Sunday,20,10646
0,,07,Sunday,21,8375
0,,07,Sunday,22,6671
0,,07,Sunday,23,5088
0,,07,Thursday,00,2254
0,,07,Thursday,01,1578
0,,07,Thursday,02,847
0,,07,Thursday,03,651
0,,07,Thursday,04,264
0,,07,Thursday,05,207
0,,07,Thursday,06,502
0,,07,Thursday,07,1270
0,,07,Thursday,08,2838
0,,07,Thursday,09,2969
0,,07,Thursday,10,3950
0,,07,Thursday,11,5392
0,,07,Thursday,12,6269
0,,07,Thursday,13,6299
0,,07,Thursday,14,6742
0,,07,Thursday,15,7736
0,,07,Thursday,16,8258
0,,07,Thursday,17,9477
0,,07,Thursday,18,8528
0,,07,Thursday,19,7476
0,,07,Thursday,20,6587
0,,07,Thursday,21,5577
0,,07,Thursday,22,5247
0,,07,Thursday,23,4518
0,,07,Tuesday,00,1943
0,,07,Tuesday,01,1219
0,,07,Tuesday,02,692
0,,07,Tuesday,03,486
0,,07,Tuesday,04,193
0,,07,Tuesday,05,232
0,,07,Tuesday,06,516
0,,07,Tuesday,07,1448
0,,07,Tuesday,08,3273
0,,07,Tuesday,09,3457
0,,07,Tuesday,10,4628
0,,07,Tuesday,11,6135
0,,07,Tuesday,12,6733
0,,07,Tuesday,13,6926
0,,07,Tuesday,14,7376
0,,07,Tuesday,15,7861
0,,07,Tuesday,16,8358
0,,07,Tuesday,17,9590
0,,07,Tuesday,18,8545
0,,07,Tuesday,19,7602
0,,07,Tuesday,20,6415
0,,07,Tuesday,21,5318
0,,07,Tuesday,22,4635
0,,07,Tuesday,23,3594
0,,07,Wednesday,00,2315
0,,07,Wednesday,01,1528
0,,07,Wednesday,02,872
0,,07,Wednesday,03,628
0,,07,Wednesday,04,265
0,,07,Wednesday,05,215
0,,07,Wednesday,06,544
0,,07,Wednesday,07,1441
0,,07,Wednesday,08,3129
0,,07,Wednesday,09,3181
0,,07,Wednesday,10,4187
0,,07,Wednesday,11,5743
0,,07,Wednesday,12,6235
0,,07,Wednesday,13,6675
0,,07,Wednesday,14,6739
0,,07,Wednesday,15,7314
0,,07,Wednesday,16,8018
0,,07,Wednesday,17,9101
0,,07,Wednesday,18,8426
0,,07,Wednesday,19,7154
0,,07,Wednesday,20,6465
0,,07,Wednesday,21,6654
0,,07,Wednesday,22,5875
0,,07,Wednesday,23,4553
0,,08,Friday,00,3047
0,,08,Friday,01,2308
0,,08,Friday,02,1513
0,,08,Friday,03,1201
0,,08,Friday,04,445
0,,08,Friday,05,308
0,,08,Friday,06,467
0,,08,Friday,07,1184
0,,08,Friday,08,2786
0,,08,Friday,09,3486
0,,08,Friday,10,5172
0,,08,Friday,11,7434
0,,08,Friday,12,8887
0,,08,Friday,13,9419
0,,08,Friday,14,9375
0,,08,Friday,15,10305
0,,08,Friday,16,10712
0,,08,Friday,17,11087
0,,08,Friday,18,10258
0,,08,Friday,19,8985
0,,08,Friday,20,7258
0,,08,Friday,21,6042
0,,08,Friday,22,5922
0,,08,Friday,23,5741
0,,08,Monday,00,2537
0,,08,Monday,01,1682
0,,08,Monday,02,1090
0,,08,Monday,03,929
0,,08,Monday,04,432
0,,08,Monday,05,302
0,,08,Monday,06,485
0,,08,Monday,07,1223
0,,08,Monday,08,2850
0,,08,Monday,09,3563
0,,08,Monday,10,5376
0,,08,Monday,11,7579
0,,08,Monday,12,8486
0,,08,Monday,13,8842
0,,08,Monday,14,9351
0,,08,Monday,15,10212
0,,08,Monday,16,10284
0,,08,Monday,17,10514
0,,08,Monday,18,9028
0,,08,Monday,19,7361
0,,08,Monday,20,5684
0,,08,Monday,21,4514
0,,08,Monday,22,3732
0,,08,Monday,23,2812
0,,08,Saturday,00,4733
0,,08,Saturday,01,4165
0,,08,Saturday,02,3303
0,,08,Saturday,03,2910
0,,08,Saturday,04,983
0,,08,Saturday,05,468
0,,08,Saturday,06,411
0,,08,Saturday,07,744
0,,08,Saturday,08,1654
0,,08,Saturday,09,3730
0,,08,Saturday,10,7310
0,,08,Saturday,11,11093
0,,08,Saturday,12,13154
0,,08,Saturday,13,14580
0,,08,Saturday,14,16024
0,,08,Saturday,15,17424
0,,08,Saturday,16,17169
0,,08,Saturday,17,16128
0,,08,Saturday,18,13834
0,,08,Saturday,19,11908
0,,08,Saturday,20,9465
0,,08,Saturday,21,7506
0,,08,Saturday,22,7214
0,,08,Saturday,23,7187
0,,08,Sunday,00,5664
0,,08,Sunday,01,4536
0,,08,Sunday,02,3777
0,,08,Sunday,03,4118
0,,08,Sunday,04,1334
0,,08,Sunday,05,579
0,,08,Sunday,06,436
0,,08,Sunday,07,767
0,,08,Sunday,08,1779
0,,08,Sunday,09,4085
0,,08,Sunday,10,8187
0,,08,Sunday,11,11745
0,,08,Sunday,12,14291
0,,08,Sunday,13,16114
0,,08,Sunday,14,16831
0,,08,Sunday,15,17483
0,,08,Sunday,16,17001
0,,08,Sunday,17,15084
0,,08,Sunday,18,13202
0,,08,Sunday,19,10547
0,,08,Sunday,20,8347
0,,08,Sunday,21,6394
0,,08,Sunday,22,5457
0,,08,Sunday,23,4460
0,,08,Thursday,00,2171
0,,08,Thursday,01,1470
0,,08,Thursday,02,838
0,,08,Thursday,03,651
0,,08,Thursday,04,236
0,,08,Thursday,05,207
0,,08,Thursday,06,441
0,,08,Thursday,07,1239
0,,08,Thursday,08,2983
0,,08,Thursday,09,3624
0,,08,Thursday,10,5076
0,,08,Thursday,11,7338
0,,08,Thursday,12,7970
0,,08,Thursday,13,8278
0,,08,Thursday,14,8879
0,,08,Thursday,15,9341
0,,08,Thursday,16,10067
0,,08,Thursday,17,11448
0,,08,Thursday,18,10488
0,,08,Thursday,19,9030
0,,08,Thursday,20,7270
0,,08,Thursday,21,5925
0,,08,Thursday,22,5491
0,,08,Thursday,23,4601
0,,08,Tuesday,00,1842
0,,08,Tuesday,01,1089
0,,08,Tuesday,02,648
0,,08,Tuesday,03,523
0,,08,Tuesday,04,204
0,,08,Tuesday,05,209
0,,08,Tuesday,06,495
0,,08,Tuesday,07,1314
0,,08,Tuesday,08,2864
0,,08,Tuesday,09,3545
0,,08,Tuesday,10,4926
0,,08,Tuesday,11,6808
0,,08,Tuesday,12,7412
0,,08,Tuesday,13,7852
0,,08,Tuesday,14,8281
0,,08,Tuesday,15,8503
0,,08,Tuesday,16,8954
0,,08,Tuesday,17,9942
0,,08,Tuesday,18,8505
0,,08,Tuesday,19,6885
0,,08,Tuesday,20,5466
0,,08,Tuesday,21,4576
0,,08,Tuesday,22,3864
0,,08,Tuesday,23,2827
0,,08,Wednesday,00,1980
0,,08,Wednesday,01,1290
0,,08,Wednesday,02,874
0,,08,Wednesday,03,646
0,,08,Wednesday,04,255
0,,08,Wednesday,05,204
0,,08,Wednesday,06,468
0,,08,Wednesday,07,1297
0,,08,Wednesday,08,3210
0,,08,Wednesday,09,3703
0,,08,Wednesday,10,4860
0,,08,Wednesday,11,6443
0,,08,Wednesday,12,6770
0,,08,Wednesday,13,6954
0,,08,Wednesday,14,7700
0,,08,Wednesday,15,8153
0,,08,Wednesday,16,9130
0,,08,Wednesday,17,9695
0,,08,Wednesday,18,8915
0,,08,Wednesday,19,7070
0,,08,Wednesday,20,5314
0,,08,Wednesday,21,4853
0,,08,Wednesday,22,4084
0,,08,Wednesday,23,3136
0,,09,Friday,00,1933
0,,09,Friday,01,1570
0,,09,Friday,02,1015
0,,09,Friday,03,799
0,,09,Friday,04,254
0,,09,Friday,05,247
0,,09,Friday,06,353
0,,09,Friday,07,1286
0,,09,Friday,08,2685
0,,09,Friday,09,2834
0,,09,Friday,10,3799
0,,09,Friday,11,5685
0,,09,Friday,12,6273
0,,09,Friday,13,6738
0,,09,Friday,14,7645
0,,09,Friday,15,7597
0,,09,Friday,16,8770
0,,09,Friday,17,8921
0,,09,Friday,18,7692
0,,09,Friday,19,6272
0,,09,Friday,20,4740
0,,09,Friday,21,4343
0,,09,Friday,22,4246
0,,09,Friday,23,4156
0,,09,Monday,00,1388
0,,09,Monday,01,958
0,,09,Monday,02,661
0,,09,Monday,03,575
0,,09,Monday,04,260
0,,09,Monday,05,191
0,,09,Monday,06,322
0,,09,Monday,07,919
0,,09,Monday,08,2045
0,,09,Monday,09,2384
0,,09,Monday,10,3428
0,,09,Monday,11,4653
0,,09,Monday,12,5233
0,,09,Monday,13,5347
0,,09,Monday,14,5600
0,,09,Monday,15,6088
0,,09,Monday,16,6690
0,,09,Monday,17,6737
0,,09,Monday,18,5782
0,,09,Monday,19,4305
0,,09,Monday,20,3121
0,,09,Monday,21,2477
0,,09,Monday,22,1986
0,,09,Monday,23,1374
0,,09,Saturday,00,3883
0,,09,Saturday,01,3891
0,,09,Saturday,02,3073
0,,09,Saturday,03,2749
0,,09,Saturday,04,856
0,,09,Saturday,05,326
0,,09,Saturday,06,271
0,,09,Saturday,07,627
0,,09,Saturday,08,1408
0,,09,Saturday,09,2817
0,,09,Saturday,10,5238
0,,09,Saturday,11,7477
0,,09,Saturday,12,9561
0,,09,Saturday,13,10862
0,,09,Saturday,14,11745
0,,09,Saturday,15,12651
0,,09,Saturday,16,11819
0,,09,Saturday,17,10808
0,,09,Saturday,18,9711
0,,09,Saturday,19,7187
0,,09,Saturday,20,5102
0,,09,Saturday,21,4701
0,,09,Saturday,22,4553
0,,09,Saturday,23,4085
0,,09,Sunday,00,3543
0,,09,Sunday,01,3128
0,,09,Sunday,02,2781
0,,09,Sunday,03,2750
0,,09,Sunday,04,966
0,,09,Sunday,05,425
0,,09,Sunday,06,397
0,,09,Sunday,07,683
0,,09,Sunday,08,1605
0,,09,Sunday,09,3546
0,,09,Sunday,10,6287
0,,09,Sunday,11,8535
0,,09,Sunday,12,10358
0,,09,Sunday,13,11441
0,,09,Sunday,14,12754
0,,09,Sunday,15,13167
0,,09,Sunday,16,12425
0,,09,Sunday,17,10816
0,,09,Sunday,18,9102
0,,09,Sunday,19,6521
0,,09,Sunday,20,4480
0,,09,Sunday,21,3591
0,,09,Sunday,22,3136
0,,09,Sunday,23,2176
0,,09,Thursday,00,1308
0,,09,Thursday,01,807
0,,09,Thursday,02,511
0,,09,Thursday,03,365
0,,09,Thursday,04,148
0,,09,Thursday,05,156
0,,09,Thursday,06,367
0,,09,Thursday,07,1247
0,,09,Thursday,08,2646
0,,09,Thursday,09,2398
0,,09,Thursday,10,2647
0,,09,Thursday,11,3659
0,,09,Thursday,12,4213
0,,09,Thursday,13,4397
0,,09,Thursday,14,4736
0,,09,Thursday,15,5159
0,,09,Thursday,16,5894
0,,09,Thursday,17,7050
0,,09,Thursday,18,5953
0,,09,Thursday,19,4652
0,,09,Thursday,20,3481
0,,09,Thursday,21,3162
0,,09,Thursday,22,2924
0,,09,Thursday,23,2424
0,,09,Tuesday,00,854
0,,09,Tuesday,01,526
0,,09,Tuesday,02,292
0,,09,Tuesday,03,196
0,,09,Tuesday,04,71
0,,09,Tuesday,05,144
0,,09,Tuesday,06,347
0,,09,Tuesday,07,1230
0,,09,Tuesday,08,2608
0,,09,Tuesday,09,2648
0,,09,Tuesday,10,3103
0,,09,Tuesday,11,3908
0,,09,Tuesday,12,4268
0,,09,Tuesday,13,4272
0,,09,Tuesday,14,4396
0,,09,Tuesday,15,4974
0,,09,Tuesday,16,5399
0,,09,Tuesday,17,6264
0,,09,Tuesday,18,5311
0,,09,Tuesday,19,3988
0,,09,Tuesday,20,3087
0,,09,Tuesday,21,2649
0,,09,Tuesday,22,2186
0,,09,Tuesday,23,1617
0,,09,Wednesday,00,1002
0,,09,Wednesday,01,700
0,,09,Wednesday,02,456
0,,09,Wednesday,03,307
0,,09,Wednesday,04,108
0,,09,Wednesday,05,169
0,,09,Wednesday,06,294
0,,09,Wednesday,07,1088
0,,09,Wednesday,08,2547
0,,09,Wednesday,09,2346
0,,09,Wednesday,10,2646
0,,09,Wednesday,11,3412
0,,09,Wednesday,12,3853
0,,09,Wednesday,13,4043
0,,09,Wednesday,14,4243
0,,09,Wednesday,15,4675
0,,09,Wednesday,16,5404
0,,09,Wednesday,17,6329
0,,09,Wednesday,18,5358
0,,09,Wednesday,19,3986
0,,09,Wednesday,20,3093
0,,09,Wednesday,21,2605
0,,09,Wednesday,22,2271
0,,09,Wednesday,23,1790
0,,10,Friday,00,710
0,,10,Friday,01,642
0,,10,Friday,02,483
0,,10,Friday,03,329
0,,10,Friday,04,126
0,,10,Friday,05,112
0,,10,Friday,06,214
0,,10,Friday,07,647
0,,10,Friday,08,1537
0,,10,Friday,09,1573
0,,10,Friday,10,1830
0,,10,Friday,11,2444
0,,10,Friday,12,3035
0,,10,Friday,13,2998
0,,10,Friday,14,3343
0,,10,Friday,15,3731
0,,10,Friday,16,4088
0,,10,Friday,17,4126
0,,10,Friday,18,3347
0,,10,Friday,19,2556
0,,10,Friday,20,1971
0,,10,Friday,21,1920
0,,10,Friday,22,1783
0,,10,Friday,23,1699
0,,10,Monday,00,748
0,,10,Monday,01,490
0,,10,Monday,02,338
0,,10,Monday,03,311
0,,10,Monday,04,142
0,,10,Monday,05,119
0,,10,Monday,06,155
0,,10,Monday,07,498
0,,10,Monday,08,1333
0,,10,Monday,09,1484
0,,10,Monday,10,1906
0,,10,Monday,11,2626
0,,10,Monday,12,2904
0,,10,Monday,13,3003
0,,10,Monday,14,3135
0,,10,Monday,15,3284
0,,10,Monday,16,3366
0,,10,Monday,17,3404
0,,10,Monday,18,2722
0,,10,Monday,19,1747
0,,10,Monday,20,1430
0,,10,Monday,21,1181
0,,10,Monday,22,966
0,,10,Monday,23,731
0,,10,Saturday,00,1722
0,,10,Saturday,01,1918
0,,10,Saturday,02,1713
0,,10,Saturday,03,1411
0,,10,Saturday,04,488
0,,10,Saturday,05,199
0,,10,Saturday,06,201
0,,10,Saturday,07,285
0,,10,Saturday,08,744
0,,10,Saturday,09,1330
0,,10,Saturday,10,2370
0,,10,Saturday,11,3594
0,,10,Saturday,12,4372
0,,10,Saturday,13,4634
0,,10,Saturday,14,5457
0,,10,Saturday,15,5757
0,,10,Saturday,16,5662
0,,10,Saturday,17,4783
0,,10,Saturday,18,3222
0,,10,Saturday,19,2394
0,,10,Saturday,20,2000
0,,10,Saturday,21,1799
0,,10,Saturday,22,1766
0,,10,Saturday,23,1661
0,,10,Sunday,00,1657
0,,10,Sunday,01,1599
0,,10,Sunday,02,1405
0,,10,Sunday,03,1467
0,,10,Sunday,04,532
0,,10,Sunday,05,209
0,,10,Sunday,06,189
0,,10,Sunday,07,268
0,,10,Sunday,08,597
0,,10,Sunday,09,1238
0,,10,Sunday,10,2489
0,,10,Sunday,11,3641
0,,10,Sunday,12,4243
0,,10,Sunday,13,4623
0,,10,Sunday,14,5357
0,,10,Sunday,15,5601
0,,10,Sunday,16,5041
0,,10,Sunday,17,4360
0,,10,Sunday,18,3024
0,,10,Sunday,19,2046
0,,10,Sunday,20,1476
0,,10,Sunday,21,1303
0,,10,Sunday,22,1174
0,,10,Sunday,23,970
0,,10,Thursday,00,538
0,,10,Thursday,01,414
0,,10,Thursday,02,247
0,,10,Thursday,03,186
0,,10,Thursday,04,96
0,,10,Thursday,05,96
0,,10,Thursday,06,187
0,,10,Thursday,07,712
0,,10,Thursday,08,1639
0,,10,Thursday,09,1449
0,,10,Thursday,10,1280
0,,10,Thursday,11,1725
0,,10,Thursday,12,2038
0,,10,Thursday,13,1955
0,,10,Thursday,14,1999
0,,10,Thursday,15,2314
0,,10,Thursday,16,2903
0,,10,Thursday,17,3339
0,,10,Thursday,18,2551
0,,10,Thursday,19,1770
0,,10,Thursday,20,1420
0,,10,Thursday,21,1203
0,,10,Thursday,22,1202
0,,10,Thursday,23,931
0,,10,Tuesday,00,452
0,,10,Tuesday,01,310
0,,10,Tuesday,02,154
0,,10,Tuesday,03,103
0,,10,Tuesday,04,74
0,,10,Tuesday,05,92
0,,10,Tuesday,06,209
0,,10,Tuesday,07,677
0,,10,Tuesday,08,1644
0,,10,Tuesday,09,1603
0,,10,Tuesday,10,1678
0,,10,Tuesday,11,2347
0,,10,Tuesday,12,2490
0,,10,Tuesday,13,2665
0,,10,Tuesday,14,2720
0,,10,Tuesday,15,2971
0,,10,Tuesday,16,3261
0,,10,Tuesday,17,3628
0,,10,Tuesday,18,2766
0,,10,Tuesday,19,1921
0,,10,Tuesday,20,1609
0,,10,Tuesday,21,1401
0,,10,Tuesday,22,1195
0,,10,Tuesday,23,880
0,,10,Wednesday,00,580
0,,10,Wednesday,01,415
0,,10,Wednesday,02,241
0,,10,Wednesday,03,187
0,,10,Wednesday,04,84
0,,10,Wednesday,05,117
0,,10,Wednesday,06,183
0,,10,Wednesday,07,774
0,,10,Wednesday,08,1840
0,,10,Wednesday,09,1817
0,,10,Wednesday,10,1707
0,,10,Wednesday,11,2162
0,,10,Wednesday,12,2465
0,,10,Wednesday,13,2673
0,,10,Wednesday,14,2638
0,,10,Wednesday,15,2803
0,,10,Wednesday,16,3419
0,,10,Wednesday,17,3755
0,,10,Wednesday,18,2738
0,,10,Wednesday,19,1901
0,,10,Wednesday,20,1448
0,,10,Wednesday,21,1228
0,,10,Wednesday,22,1118
0,,10,Wednesday,23,912
0,,11,Friday,00,148
0,,11,Friday,01,125
0,,11,Friday,02,98
0,,11,Friday,03,54
0,,11,Friday,04,12
0,,11,Friday,05,14
0,,11,Friday,06,34
0,,11,Friday,07,111
0,,11,Friday,08,314
0,,11,Friday,09,325
0,,11,Friday,10,306
0,,11,Friday,11,380
0,,11,Friday,12,402
0,,11,Friday,13,358
0,,11,Friday,14,405
0,,11,Friday,15,458
0,,11,Friday,16,496
0,,11,Friday,17,489
0,,11,Friday,18,368
0,,11,Friday,19,316
0,,11,Friday,20,253
0,,11,Friday,21,255
0,,11,Friday,22,246
0,,11,Friday,23,233
0,,11,Monday,00,87
0,,11,Monday,01,33
0,,11,Monday,02,34
0,,11,Monday,03,30
0,,11,Monday,04,8
0,,11,Monday,05,10
0,,11,Monday,06,22
0,,11,Monday,07,107
0,,11,Monday,08,312
0,,11,Monday,09,313
0,,11,Monday,10,250
0,,11,Monday,11,348
0,,11,Monday,12,394
0,,11,Monday,13,472
0,,11,Monday,14,432
0,,11,Monday,15,468
0,,11,Monday,16,527
0,,11,Monday,17,475
0,,11,Monday,18,389
0,,11,Monday,19,260
0,,11,Monday,20,239
0,,11,Monday,21,212
0,,11,Monday,22,154
0,,11,Monday,23,107
0,,11,Saturday,00,251
0,,11,Saturday,01,297
0,,11,Saturday,02,235
0,,11,Saturday,03,242
0,,11,Saturday,04,66
0,,11,Saturday,05,22
0,,11,Saturday,06,25
0,,11,Saturday,07,38
0,,11,Saturday,08,137
0,,11,Saturday,09,237
0,,11,Saturday,10,332
0,,11,Saturday,11,453
0,,11,Saturday,12,650
0,,11,Saturday,13,723
0,,11,Saturday,14,770
0,,11,Saturday,15,715
0,,11,Saturday,16,687
0,,11,Saturday,17,465
0,,11,Saturday,18,446
0,,11,Saturday,19,308
0,,11,Saturday,20,250
0,,11,Saturday,21,278
0,,11,Saturday,22,213
0,,11,Saturday,23,217
0,,11,Sunday,00,206
0,,11,Sunday,01,380
0,,11,Sunday,02,208
0,,11,Sunday,03,157
0,,11,Sunday,04,78
0,,11,Sunday,05,29
0,,11,Sunday,06,39
0,,11,Sunday,07,41
0,,11,Sunday,08,124
0,,11,Sunday,09,208
0,,11,Sunday,10,407
0,,11,Sunday,11,612
0,,11,Sunday,12,712
0,,11,Sunday,13,704
0,,11,Sunday,14,812
0,,11,Sunday,15,768
0,,11,Sunday,16,675
0,,11,Sunday,17,415
0,,11,Sunday,18,287
0,,11,Sunday,19,217
0,,11,Sunday,20,187
0,,11,Sunday,21,163
0,,11,Sunday,22,148
0,,11,Sunday,23,123
0,,11,Thursday,00,133
0,,11,Thursday,01,103
0,,11,Thursday,02,40
0,,11,Thursday,03,46
0,,11,Thursday,04,17
0,,11,Thursday,05,16
0,,11,Thursday,06,48
0,,11,Thursday,07,145
0,,11,Thursday,08,390
0,,11,Thursday,09,337
0,,11,Thursday,10,287
0,,11,Thursday,11,350
0,,11,Thursday,12,381
0,,11,Thursday,13,455
0,,11,Thursday,14,422
0,,11,Thursday,15,435
0,,11,Thursday,16,458
0,,11,Thursday,17,535
0,,11,Thursday,18,441
0,,11,Thursday,19,330
0,,11,Thursday,20,258
0,,11,Thursday,21,203
0,,11,Thursday,22,251
0,,11,Thursday,23,195
0,,11,Tuesday,00,88
0,,11,Tuesday,01,61
0,,11,Tuesday,02,44
0,,11,Tuesday,03,34
0,,11,Tuesday,04,20
0,,11,Tuesday,05,20
0,,11,Tuesday,06,43
0,,11,Tuesday,07,168
0,,11,Tuesday,08,394
0,,11,Tuesday,09,371
0,,11,Tuesday,10,323
0,,11,Tuesday,11,392
0,,11,Tuesday,12,413
0,,11,Tuesday,13,396
0,,11,Tuesday,14,556
0,,11,Tuesday,15,475
0,,11,Tuesday,16,515
0,,11,Tuesday,17,529
0,,11,Tuesday,18,378
0,,11,Tuesday,19,298
0,,11,Tuesday,20,264
0,,11,Tuesday,21,232
0,,11,Tuesday,22,187
0,,11,Tuesday,23,145
0,,11,Wednesday,00,120
0,,11,Wednesday,01,101
0,,11,Wednesday,02,53
0,,11,Wednesday,03,32
0,,11,Wednesday,04,19
0,,11,Wednesday,05,18
0,,11,Wednesday,06,43
0,,11,Wednesday,07,139
0,,11,Wednesday,08,423
0,,11,Wednesday,09,342
0,,11,Wednesday,10,289
0,,11,Wednesday,11,426
0,,11,Wednesday,12,448
0,,11,Wednesday,13,517
0,,11,Wednesday,14,524
0,,11,Wednesday,15,531
0,,11,Wednesday,16,623
0,,11,Wednesday,17,617
0,,11,Wednesday,18,462
0,,11,Wednesday,19,357
0,,11,Wednesday,20,262
0,,11,Wednesday,21,210
0,,11,Wednesday,22,240
0,,11,Wednesday,23,165
1,,04,Friday,00,1846
1,,04,Friday,01,939
1,,04,Friday,02,548
1,,04,Friday,03,453
1,,04,Friday,04,257
1,,04,Friday,05,501
1,,04,Friday,06,1953
1,,04,Friday,07,7348
1,,04,Friday,08,14020
1,,04,Friday,09,7996
1,,04,Friday,10,4637
1,,04,Friday,11,5253
1,,04,Friday,12,6541
1,,04,Friday,13,6605
1,,04,Friday,14,6282
1,,04,Friday,15,8041
1,,04,Friday,16,12878
1,,04,Friday,17,16540
1,,04,Friday,18,12169
1,,04,Friday,19,8458
1,,04,Friday,20,5825
1,,04,Friday,21,4696
1,,04,Friday,22,4077
1,,04,Friday,23,3467
1,,04,Monday,00,1082
1,,04,Monday,01,562
1,,04,Monday,02,302
1,,04,Monday,03,267
1,,04,Monday,04,180
1,,04,Monday,05,501
1,,04,Monday,06,1991
1,,04,Monday,07,7438
1,,04,Monday,08,13902
1,,04,Monday,09,7126
1,,04,Monday,10,4186
1,,04,Monday,11,5110
1,,04,Monday,12,6581
1,,04,Monday,13,6719
1,,04,Monday,14,6341
1,,04,Monday,15,7957
1,,04,Monday,16,12696
1,,04,Monday,17,18200
1,,04,Monday,18,13485
1,,04,Monday,19,8596
1,,04,Monday,20,5832
1,,04,Monday,21,4595
1,,04,Monday,22,3022
1,,04,Monday,23,1877
1,,04,Saturday,00,3090
1,,04,Saturday,01,2170
1,,04,Saturday,02,1585
1,,04,Saturday,03,1185
1,,04,Saturday,04,415
1,,04,Saturday,05,374
1,,04,Saturday,06,576
1,,04,Saturday,07,1422
1,,04,Saturday,08,3195
1,,04,Saturday,09,4834
1,,04,Saturday,10,6120
1,,04,Saturday,11,7427
1,,04,Saturday,12,8542
1,,04,Saturday,13,9537
1,,04,Saturday,14,10398
1,,04,Saturday,15,11105
1,,04,Saturday,16,11250
1,,04,Saturday,17,9993
1,,04,Saturday,18,8433
1,,04,Saturday,19,6697
1,,04,Saturday,20,4643
1,,04,Saturday,21,3680
1,,04,Saturday,22,3481
1,,04,Saturday,23,3215
1,,04,Sunday,00,2629
1,,04,Sunday,01,1979
1,,04,Sunday,02,1372
1,,04,Sunday,03,1164
1,,04,Sunday,04,458
1,,04,Sunday,05,336
1,,04,Sunday,06,502
1,,04,Sunday,07,1031
1,,04,Sunday,08,2316
1,,04,Sunday,09,4141
1,,04,Sunday,10,5938
1,,04,Sunday,11,7468
1,,04,Sunday,12,8710
1,,04,Sunday,13,10004
1,,04,Sunday,14,10451
1,,04,Sunday,15,10734
1,,04,Sunday,16,9862
1,,04,Sunday,17,8710
1,,04,Sunday,18,6875
1,,04,Sunday,19,4948
1,,04,Sunday,20,3755
1,,04,Sunday,21,2979
1,,04,Sunday,22,2782
1,,04,Sunday,23,1964
1,,04,Thursday,00,1343
1,,04,Thursday,01,623
1,,04,Thursday,02,360
1,,04,Thursday,03,289
1,,04,Thursday,04,189
1,,04,Thursday,05,605
1,,04,Thursday,06,2459
1,,04,Thursday,07,9104
1,,04,Thursday,08,16448
1,,04,Thursday,09,8875
1,,04,Thursday,10,4592
1,,04,Thursday,11,5695
1,,04,Thursday,12,7155
1,,04,Thursday,13,7005
1,,04,Thursday,14,6298
1,,04,Thursday,15,8552
1,,04,Thursday,16,14057
1,,04,Thursday,17,19936
1,,04,Thursday,18,14253
1,,04,Thursday,19,9548
1,,04,Thursday,20,7034
1,,04,Thursday,21,5473
1,,04,Thursday,22,4365
1,,04,Thursday,23,2961
1,,04,Tuesday,00,1035
1,,04,Tuesday,01,425
1,,04,Tuesday,02,247
1,,04,Tuesday,03,200
1,,04,Tuesday,04,177
1,,04,Tuesday,05,569
1,,04,Tuesday,06,2627
1,,04,Tuesday,07,10011
1,,04,Tuesday,08,18578
1,,04,Tuesday,09,9428
1,,04,Tuesday,10,5122
1,,04,Tuesday,11,5774
1,,04,Tuesday,12,7225
1,,04,Tuesday,13,7197
1,,04,Tuesday,14,6474
1,,04,Tuesday,15,8576
1,,04,Tuesday,16,14408
1,,04,Tuesday,17,21623
1,,04,Tuesday,18,15388
1,,04,Tuesday,19,9541
1,,04,Tuesday,20,6699
1,,04,Tuesday,21,5355
1,,04,Tuesday,22,3912
1,,04,Tuesday,23,2306
1,,04,Wednesday,00,1188
1,,04,Wednesday,01,546
1,,04,Wednesday,02,278
1,,04,Wednesday,03,240
1,,04,Wednesday,04,181
1,,04,Wednesday,05,566
1,,04,Wednesday,06,2394
1,,04,Wednesday,07,8654
1,,04,Wednesday,08,15754
1,,04,Wednesday,09,8259
1,,04,Wednesday,10,4433
1,,04,Wednesday,11,5180
1,,04,Wednesday,12,6543
1,,04,Wednesday,13,6365
1,,04,Wednesday,14,5795
1,,04,Wednesday,15,7139
1,,04,Wednesday,16,11467
1,,04,Wednesday,17,16878
1,,04,Wednesday,18,12442
1,,04,Wednesday,19,8342
1,,04,Wednesday,20,5715
1,,04,Wednesday,21,4543
1,,04,Wednesday,22,3913
1,,04,Wednesday,23,2274
1,,05,Friday,00,6291
1,,05,Friday,01,3209
1,,05,Friday,02,1858
1,,05,Friday,03,1500
1,,05,Friday,04,875
1,,05,Friday,05,1975
1,,05,Friday,06,7563
1,,05,Friday,07,27434
1,,05,Friday,08,49568
1,,05,Friday,09,26021
1,,05,Friday,10,14856
1,,05,Friday,11,17075
1,,05,Friday,12,20472
1,,05,Friday,13,20266
1,,05,Friday,14,19942
1,,05,Friday,15,26660
1,,05,Friday,16,42142
1,,05,Friday,17,51712
1,,05,Friday,18,37255
1,,05,Friday,19,28124
1,,05,Friday,20,21179
1,,05,Friday,21,17300
1,,05,Friday,22,14347
1,,05,Friday,23,12845
1,,05,Monday,00,3911
1,,05,Monday,01,2165
1,,05,Monday,02,1285
1,,05,Monday,03,1056
1,,05,Monday,04,685
1,,05,Monday,05,1611
1,,05,Monday,06,5740
1,,05,Monday,07,20997
1,,05,Monday,08,39158
1,,05,Monday,09,20566
1,,05,Monday,10,12682
1,,05,Monday,11,15033
1,,05,Monday,12,18778
1,,05,Monday,13,19247
1,,05,Monday,14,18311
1,,05,Monday,15,22880
1,,05,Monday,16,35176
1,,05,Monday,17,49061
1,,05,Monday,18,34829
1,,05,Monday,19,23718
1,,05,Monday,20,16738
1,,05,Monday,21,13163
1,,05,Monday,22,9645
1,,05,Monday,23,5810
1,,05,Saturday,00,9621
1,,05,Saturday,01,6579
1,,05,Saturday,02,4777
1,,05,Saturday,03,3838
1,,05,Saturday,04,1548
1,,05,Saturday,05,1115
1,,05,Saturday,06,1909
1,,05,Saturday,07,4496
1,,05,Saturday,08,9557
1,,05,Saturday,09,14247
1,,05,Saturday,10,17961
1,,05,Saturday,11,22464
1,,05,Saturday,12,26561
1,,05,Saturday,13,28624
1,,05,Saturday,14,30652
1,,05,Saturday,15,31443
1,,05,Saturday,16,29118
1,,05,Saturday,17,27057
1,,05,Saturday,18,23610
1,,05,Saturday,19,20271
1,,05,Saturday,20,15268
1,,05,Saturday,21,12488
1,,05,Saturday,22,11817
1,,05,Saturday,23,11037
1,,05,Sunday,00,9214
1,,05,Sunday,01,6784
1,,05,Sunday,02,4911
1,,05,Sunday,03,3902
1,,05,Sunday,04,1562
1,,05,Sunday,05,1066
1,,05,Sunday,06,1452
1,,05,Sunday,07,2829
1,,05,Sunday,08,5907
1,,05,Sunday,09,10319
1,,05,Sunday,10,14942
1,,05,Sunday,11,18748
1,,05,Sunday,12,22126
1,,05,Sunday,13,25113
1,,05,Sunday,14,27172
1,,05,Sunday,15,28561
1,,05,Sunday,16,29066
1,,05,Sunday,17,26998
1,,05,Sunday,18,22376
1,,05,Sunday,19,17269
1,,05,Sunday,20,13894
1,,05,Sunday,21,10759
1,,05,Sunday,22,9034
1,,05,Sunday,23,6893
1,,05,Thursday,00,5731
1,,05,Thursday,01,2624
1,,05,Thursday,02,1439
1,,05,Thursday,03,1106
1,,05,Thursday,04,766
1,,05,Thursday,05,2241
1,,05,Thursday,06,8936
1,,05,Thursday,07,33675
1,,05,Thursday,08,60426
1,,05,Thursday,09,29297
1,,05,Thursday,10,15989
1,,05,Thursday,11,18653
1,,05,Thursday,12,23124
1,,05,Thursday,13,22345
1,,05,Thursday,14,20022
1,,05,Thursday,15,26824
1,,05,Thursday,16,43625
1,,05,Thursday,17,60852
1,,05,Thursday,18,44220
1,,05,Thursday,19,31481
1,,05,Thursday,20,23705
1,,05,Thursday,21,19344
1,,05,Thursday,22,15007
1,,05,Thursday,23,10825
1,,05,Tuesday,00,3401
1,,05,Tuesday,01,1501
1,,05,Tuesday,02,854
1,,05,Tuesday,03,758
1,,05,Tuesday,04,602
1,,05,Tuesday,05,1986
1,,05,Tuesday,06,8412
1,,05,Tuesday,07,31229
1,,05,Tuesday,08,54949
1,,05,Tuesday,09,26824
1,,05,Tuesday,10,14976
1,,05,Tuesday,11,17227
1,,05,Tuesday,12,21535
1,,05,Tuesday,13,20218
1,,05,Tuesday,14,17590
1,,05,Tuesday,15,24043
1,,05,Tuesday,16,44596
1,,05,Tuesday,17,67873
1,,05,Tuesday,18,46982
1,,05,Tuesday,19,31111
1,,05,Tuesday,20,23547
1,,05,Tuesday,21,19275
1,,05,Tuesday,22,13944
1,,05,Tuesday,23,8576
1,,05,Wednesday,00,4731
1,,05,Wednesday,01,2178
1,,05,Wednesday,02,1212
1,,05,Wednesday,03,975
1,,05,Wednesday,04,675
1,,05,Wednesday,05,2347
1,,05,Wednesday,06,9261
1,,05,Wednesday,07,33794
1,,05,Wednesday,08,60332
1,,05,Wednesday,09,30311
1,,05,Wednesday,10,16310
1,,05,Wednesday,11,19113
1,,05,Wednesday,12,23856
1,,05,Wednesday,13,23428
1,,05,Wednesday,14,21402
1,,05,Wednesday,15,28354
1,,05,Wednesday,16,48275
1,,05,Wednesday,17,71626
1,,05,Wednesday,18,51905
1,,05,Wednesday,19,35347
1,,05,Wednesday,20,26641
1,,05,Wednesday,21,21590
1,,05,Wednesday,22,17294
1,,05,Wednesday,23,10697
1,,06,Friday,00,9941
1,,06,Friday,01,4863
1,,06,Friday,02,3022
1,,06,Friday,03,2282
1,,06,Friday,04,1219
1,,06,Friday,05,2347
1,,06,Friday,06,7881
1,,06,Friday,07,26679
1,,06,Friday,08,50998
1,,06,Friday,09,29038
1,,06,Friday,10,17754
1,,06,Friday,11,20792
1,,06,Friday,12,26161
1,,06,Friday,13,26576
1,,06,Friday,14,25353
1,,06,Friday,15,31287
1,,06,Friday,16,47373
1,,06,Friday,17,57042
1,,06,Friday,18,43565
1,,06,Friday,19,33186
1,,06,Friday,20,27125
1,,06,Friday,21,22918
1,,06,Friday,22,19297
1,,06,Friday,23,17806
1,,06,Monday,00,5652
1,,06,Monday,01,2886
1,,06,Monday,02,1614
1,,06,Monday,03,1371
1,,06,Monday,04,878
1,,06,Monday,05,1942
1,,06,Monday,06,6993
1,,06,Monday,07,24671
1,,06,Monday,08,46705
1,,06,Monday,09,25395
1,,06,Monday,10,14878
1,,06,Monday,11,16527
1,,06,Monday,12,20652
1,,06,Monday,13,20838
1,,06,Monday,14,20499
1,,06,Monday,15,25931
1,,06,Monday,16,43375
1,,06,Monday,17,61510
1,,06,Monday,18,43560
1,,06,Monday,19,31273
1,,06,Monday,20,24858
1,,06,Monday,21,19914
1,,06,Monday,22,13873
1,,06,Monday,23,9518
1,,06,Saturday,00,15065
1,,06,Saturday,01,9922
1,,06,Saturday,02,6762
1,,06,Saturday,03,5512
1,,06,Saturday,04,2287
1,,06,Saturday,05,1776
1,,06,Saturday,06,2734
1,,06,Saturday,07,5961
1,,06,Saturday,08,11413
1,,06,Saturday,09,17316
1,,06,Saturday,10,20737
1,,06,Saturday,11,25042
1,,06,Saturday,12,28891
1,,06,Saturday,13,31291
1,,06,Saturday,14,33847
1,,06,Saturday,15,35206
1,,06,Saturday,16,34465
1,,06,Saturday,17,33464
1,,06,Saturday,18,29241
1,,06,Saturday,19,25270
1,,06,Saturday,20,20765
1,,06,Saturday,21,18390
1,,06,Saturday,22,17483
1,,06,Saturday,23,16508
1,,06,Sunday,00,13304
1,,06,Sunday,01,9433
1,,06,Sunday,02,6670
1,,06,Sunday,03,5632
1,,06,Sunday,04,2518
1,,06,Sunday,05,1598
1,,06,Sunday,06,2238
1,,06,Sunday,07,4050
1,,06,Sunday,08,7476
1,,06,Sunday,09,12582
1,,06,Sunday,10,17710
1,,06,Sunday,11,21744
1,,06,Sunday,12,25016
1,,06,Sunday,13,27915
1,,06,Sunday,14,30059
1,,06,Sunday,15,30971
1,,06,Sunday,16,29893
1,,06,Sunday,17,28931
1,,06,Sunday,18,25026
1,,06,Sunday,19,22194
1,,06,Sunday,20,19448
1,,06,Sunday,21,16240
1,,06,Sunday,22,13890
1,,06,Sunday,23,10082
1,,06,Thursday,00,7418
1,,06,Thursday,01,3467
1,,06,Thursday,02,1947
1,,06,Thursday,03,1573
1,,06,Thursday,04,922
1,,06,Thursday,05,2470
1,,06,Thursday,06,9377
1,,06,Thursday,07,32734
1,,06,Thursday,08,61909
1,,06,Thursday,09,32076
1,,06,Thursday,10,17660
1,,06,Thursday,11,19757
1,,06,Thursday,12,23980
1,,06,Thursday,13,22830
1,,06,Thursday,14,21232
1,,06,Thursday,15,27825
1,,06,Thursday,16,46502
1,,06,Thursday,17,66554
1,,06,Thursday,18,49160
1,,06,Thursday,19,35869
1,,06,Thursday,20,29779
1,,06,Thursday,21,24059
1,,06,Thursday,22,19453
1,,06,Thursday,23,15740
1,,06,Tuesday,00,5323
1,,06,Tuesday,01,2521
1,,06,Tuesday,02,1423
1,,06,Tuesday,03,1138
1,,06,Tuesday,04,685
1,,06,Tuesday,05,2141
1,,06,Tuesday,06,7898
1,,06,Tuesday,07,27034
1,,06,Tuesday,08,50575
1,,06,Tuesday,09,27002
1,,06,Tuesday,10,14523
1,,06,Tuesday,11,16624
1,,06,Tuesday,12,21307
1,,06,Tuesday,13,21023
1,,06,Tuesday,14,19150
1,,06,Tuesday,15,23858
1,,06,Tuesday,16,43740
1,,06,Tuesday,17,65547
1,,06,Tuesday,18,45298
1,,06,Tuesday,19,32245
1,,06,Tuesday,20,25748
1,,06,Tuesday,21,21275
1,,06,Tuesday,22,15073
1,,06,Tuesday,23,10607
1,,06,Wednesday,00,6197
1,,06,Wednesday,01,2875
1,,06,Wednesday,02,1647
1,,06,Wednesday,03,1413
1,,06,Wednesday,04,894
1,,06,Wednesday,05,2462
1,,06,Wednesday,06,9459
1,,06,Wednesday,07,33460
1,,06,Wednesday,08,60628
1,,06,Wednesday,09,30733
1,,06,Wednesday,10,17559
1,,06,Wednesday,11,20495
1,,06,Wednesday,12,25812
1,,06,Wednesday,13,24829
1,,06,Wednesday,14,22558
1,,06,Wednesday,15,28613
1,,06,Wednesday,16,48508
1,,06,Wednesday,17,66727
1,,06,Wednesday,18,48000
1,,06,Wednesday,19,33717
1,,06,Wednesday,20,26747
1,,06,Wednesday,21,21544
1,,06,Wednesday,22,16829
1,,06,Wednesday,23,12269
1,,07,Friday,00,11066
1,,07,Friday,01,5709
1,,07,Friday,02,3212
1,,07,Friday,03,2553
1,,07,Friday,04,1341
1,,07,Friday,05,2537
1,,07,Friday,06,8761
1,,07,Friday,07,27682
1,,07,Friday,08,54992
1,,07,Friday,09,31571
1,,07,Friday,10,19025
1,,07,Friday,11,21941
1,,07,Friday,12,28440
1,,07,Friday,13,28526
1,,07,Friday,14,26567
1,,07,Friday,15,32608
1,,07,Friday,16,48481
1,,07,Friday,17,57100
1,,07,Friday,18,44178
1,,07,Friday,19,34091
1,,07,Friday,20,28010
1,,07,Friday,21,23364
1,,07,Friday,22,19739
1,,07,Friday,23,18652
1,,07,Monday,00,6911
1,,07,Monday,01,3565
1,,07,Monday,02,2096
1,,07,Monday,03,1678
1,,07,Monday,04,1154
1,,07,Monday,05,2449
1,,07,Monday,06,9226
1,,07,Monday,07,30991
1,,07,Monday,08,59813
1,,07,Monday,09,31363
1,,07,Monday,10,17154
1,,07,Monday,11,18494
1,,07,Monday,12,23269
1,,07,Monday,13,22648
1,,07,Monday,14,21624
1,,07,Monday,15,27740
1,,07,Monday,16,46793
1,,07,Monday,17,69984
1,,07,Monday,18,51291
1,,07,Monday,19,36652
1,,07,Monday,20,29220
1,,07,Monday,21,22246
1,,07,Monday,22,16394
1,,07,Monday,23,11843
1,,07,Saturday,00,15200
1,,07,Saturday,01,10150
1,,07,Saturday,02,7264
1,,07,Saturday,03,5908
1,,07,Saturday,04,2528
1,,07,Saturday,05,1660
1,,07,Saturday,06,2654
1,,07,Saturday,07,5048
1,,07,Saturday,08,9465
1,,07,Saturday,09,15230
1,,07,Saturday,10,19068
1,,07,Saturday,11,23094
1,,07,Saturday,12,25446
1,,07,Saturday,13,27186
1,,07,Saturday,14,28122
1,,07,Saturday,15,29894
1,,07,Saturday,16,30930
1,,07,Saturday,17,30720
1,,07,Saturday,18,28987
1,,07,Saturday,19,26138
1,,07,Saturday,20,23757
1,,07,Saturday,21,22924
1,,07,Saturday,22,19839
1,,07,Saturday,23,19477
1,,07,Sunday,00,15282
1,,07,Sunday,01,10432
1,,07,Sunday,02,7438
1,,07,Sunday,03,6085
1,,07,Sunday,04,2661
1,,07,Sunday,05,1601
1,,07,Sunday,06,2261
1,,07,Sunday,07,4067
1,,07,Sunday,08,7748
1,,07,Sunday,09,13222
1,,07,Sunday,10,18912
1,,07,Sunday,11,21994
1,,07,Sunday,12,24680
1,,07,Sunday,13,28460
1,,07,Sunday,14,31502
1,,07,Sunday,15,33116
1,,07,Sunday,16,32966
1,,07,Sunday,17,31815
1,,07,Sunday,18,29141
1,,07,Sunday,19,25117
1,,07,Sunday,20,21533
1,,07,Sunday,21,18905
1,,07,Sunday,22,15543
1,,07,Sunday,23,11729
1,,07,Thursday,00,8774
1,,07,Thursday,01,4011
1,,07,Thursday,02,2092
1,,07,Thursday,03,1760
1,,07,Thursday,04,1133
1,,07,Thursday,05,2639
1,,07,Thursday,06,9924
1,,07,Thursday,07,32185
1,,07,Thursday,08,60924
1,,07,Thursday,09,32946
1,,07,Thursday,10,17955
1,,07,Thursday,11,19586
1,,07,Thursday,12,24767
1,,07,Thursday,13,23777
1,,07,Thursday,14,22099
1,,07,Thursday,15,28933
1,,07,Thursday,16,49659
1,,07,Thursday,17,73616
1,,07,Thursday,18,54031
1,,07,Thursday,19,39022
1,,07,Thursday,20,32443
1,,07,Thursday,21,27027
1,,07,Thursday,22,21954
1,,07,Thursday,23,18043
1,,07,Tuesday,00,6828
1,,07,Tuesday,01,3093
1,,07,Tuesday,02,1694
1,,07,Tuesday,03,1358
1,,07,Tuesday,04,1012
1,,07,Tuesday,05,2640
1,,07,Tuesday,06,10737
1,,07,Tuesday,07,36135
1,,07,Tuesday,08,68106
1,,07,Tuesday,09,34493
1,,07,Tuesday,10,18502
1,,07,Tuesday,11,20522
1,,07,Tuesday,12,25534
1,,07,Tuesday,13,25527
1,,07,Tuesday,14,23369
1,,07,Tuesday,15,30095
1,,07,Tuesday,16,53192
1,,07,Tuesday,17,79644
1,,07,Tuesday,18,58452
1,,07,Tuesday,19,40670
1,,07,Tuesday,20,33199
1,,07,Tuesday,21,26795
1,,07,Tuesday,22,19969
1,,07,Tuesday,23,15143
1,,07,Wednesday,00,8531
1,,07,Wednesday,01,3918
1,,07,Wednesday,02,2096
1,,07,Wednesday,03,1583
1,,07,Wednesday,04,1061
1,,07,Wednesday,05,2819
1,,07,Wednesday,06,11063
1,,07,Wednesday,07,36114
1,,07,Wednesday,08,65584
1,,07,Wednesday,09,33608
1,,07,Wednesday,10,18638
1,,07,Wednesday,11,20642
1,,07,Wednesday,12,26063
1,,07,Wednesday,13,24960
1,,07,Wednesday,14,22864
1,,07,Wednesday,15,29515
1,,07,Wednesday,16,52304
1,,07,Wednesday,17,76450
1,,07,Wednesday,18,56382
1,,07,Wednesday,19,40214
1,,07,Wednesday,20,33696
1,,07,Wednesday,21,28544
1,,07,Wednesday,22,23376
1,,07,Wednesday,23,17581
1,,08,Friday,00,10038
1,,08,Friday,01,5128
1,,08,Friday,02,3121
1,,08,Friday,03,2421
1,,08,Friday,04,1401
1,,08,Friday,05,2427
1,,08,Friday,06,8725
1,,08,Friday,07,28334
1,,08,Friday,08,54165
1,,08,Friday,09,31744
1,,08,Friday,10,19100
1,,08,Friday,11,22346
1,,08,Friday,12,28421
1,,08,Friday,13,28471
1,,08,Friday,14,26296
1,,08,Friday,15,32449
1,,08,Friday,16,49390
1,,08,Friday,17,60570
1,,08,Friday,18,45989
1,,08,Friday,19,34809
1,,08,Friday,20,26462
1,,08,Friday,21,21109
1,,08,Friday,22,17639
1,,08,Friday,23,16682
1,,08,Monday,00,5733
1,,08,Monday,01,2772
1,,08,Monday,02,1711
1,,08,Monday,03,1486
1,,08,Monday,04,1079
1,,08,Monday,05,2349
1,,08,Monday,06,8572
1,,08,Monday,07,29994
1,,08,Monday,08,60510
1,,08,Monday,09,30742
1,,08,Monday,10,16677
1,,08,Monday,11,18628
1,,08,Monday,12,24017
1,,08,Monday,13,23229
1,,08,Monday,14,21734
1,,08,Monday,15,27727
1,,08,Monday,16,49265
1,,08,Monday,17,75063
1,,08,Monday,18,51635
1,,08,Monday,19,33464
1,,08,Monday,20,24859
1,,08,Monday,21,18607
1,,08,Monday,22,13694
1,,08,Monday,23,9500
1,,08,Saturday,00,13302
1,,08,Saturday,01,9320
1,,08,Saturday,02,6782
1,,08,Saturday,03,5829
1,,08,Saturday,04,2458
1,,08,Saturday,05,1777
1,,08,Saturday,06,2638
1,,08,Saturday,07,5415
1,,08,Saturday,08,10361
1,,08,Saturday,09,15609
1,,08,Saturday,10,20022
1,,08,Saturday,11,23794
1,,08,Saturday,12,25810
1,,08,Saturday,13,27227
1,,08,Saturday,14,29255
1,,08,Saturday,15,31075
1,,08,Saturday,16,31830
1,,08,Saturday,17,30167
1,,08,Saturday,18,27599
1,,08,Saturday,19,24020
1,,08,Saturday,20,20051
1,,08,Saturday,21,17137
1,,08,Saturday,22,15585
1,,08,Saturday,23,15343
1,,08,Sunday,00,12100
1,,08,Sunday,01,9027
1,,08,Sunday,02,6236
1,,08,Sunday,03,5559
1,,08,Sunday,04,2318
1,,08,Sunday,05,1566
1,,08,Sunday,06,2233
1,,08,Sunday,07,3993
1,,08,Sunday,08,7408
1,,08,Sunday,09,12584
1,,08,Sunday,10,17943
1,,08,Sunday,11,22148
1,,08,Sunday,12,25089
1,,08,Sunday,13,27271
1,,08,Sunday,14,28838
1,,08,Sunday,15,30737
1,,08,Sunday,16,30938
1,,08,Sunday,17,28686
1,,08,Sunday,18,25865
1,,08,Sunday,19,21909
1,,08,Sunday,20,18534
1,,08,Sunday,21,15323
1,,08,Sunday,22,12332
1,,08,Sunday,23,9347
1,,08,Thursday,00,7714
1,,08,Thursday,01,3658
1,,08,Thursday,02,1977
1,,08,Thursday,03,1639
1,,08,Thursday,04,1142
1,,08,Thursday,05,2550
1,,08,Thursday,06,9697
1,,08,Thursday,07,33779
1,,08,Thursday,08,66953
1,,08,Thursday,09,36156
1,,08,Thursday,10,20275
1,,08,Thursday,11,22086
1,,08,Thursday,12,27264
1,,08,Thursday,13,25949
1,,08,Thursday,14,24106
1,,08,Thursday,15,30117
1,,08,Thursday,16,52830
1,,08,Thursday,17,78138
1,,08,Thursday,18,58837
1,,08,Thursday,19,41948
1,,08,Thursday,20,32616
1,,08,Thursday,21,25994
1,,08,Thursday,22,21486
1,,08,Thursday,23,16348
1,,08,Tuesday,00,5615
1,,08,Tuesday,01,2357
1,,08,Tuesday,02,1370
1,,08,Tuesday,03,1099
1,,08,Tuesday,04,895
1,,08,Tuesday,05,2421
1,,08,Tuesday,06,9732
1,,08,Tuesday,07,33248
1,,08,Tuesday,08,61937
1,,08,Tuesday,09,31653
1,,08,Tuesday,10,17947
1,,08,Tuesday,11,19681
1,,08,Tuesday,12,24741
1,,08,Tuesday,13,23705
1,,08,Tuesday,14,21670
1,,08,Tuesday,15,27554
1,,08,Tuesday,16,48735
1,,08,Tuesday,17,73825
1,,08,Tuesday,18,52744
1,,08,Tuesday,19,34713
1,,08,Tuesday,20,26688
1,,08,Tuesday,21,21596
1,,08,Tuesday,22,16296
1,,08,Tuesday,23,11299
1,,08,Wednesday,00,6982
1,,08,Wednesday,01,3152
1,,08,Wednesday,02,1747
1,,08,Wednesday,03,1439
1,,08,Wednesday,04,1016
1,,08,Wednesday,05,2619
1,,08,Wednesday,06,10098
1,,08,Wednesday,07,34031
1,,08,Wednesday,08,66751
1,,08,Wednesday,09,34097
1,,08,Wednesday,10,18343
1,,08,Wednesday,11,19681
1,,08,Wednesday,12,24638
1,,08,Wednesday,13,23132
1,,08,Wednesday,14,21953
1,,08,Wednesday,15,27131
1,,08,Wednesday,16,49044
1,,08,Wednesday,17,74285
1,,08,Wednesday,18,54472
1,,08,Wednesday,19,36312
1,,08,Wednesday,20,27505
1,,08,Wednesday,21,22860
1,,08,Wednesday,22,17784
1,,08,Wednesday,23,12654
1,,09,Friday,00,7521
1,,09,Friday,01,3923
1,,09,Friday,02,2397
1,,09,Friday,03,1825
1,,09,Friday,04,1039
1,,09,Friday,05,2240
1,,09,Friday,06,8258
1,,09,Friday,07,31486
1,,09,Friday,08,58081
1,,09,Friday,09,31958
1,,09,Friday,10,18455
1,,09,Friday,11,22732
1,,09,Friday,12,27409
1,,09,Friday,13,27145
1,,09,Friday,14,25839
1,,09,Friday,15,33472
1,,09,Friday,16,51674
1,,09,Friday,17,63429
1,,09,Friday,18,45104
1,,09,Friday,19,32011
1,,09,Friday,20,22870
1,,09,Friday,21,19120
1,,09,Friday,22,16019
1,,09,Friday,23,14297
1,,09,Monday,00,4333
1,,09,Monday,01,2302
1,,09,Monday,02,1420
1,,09,Monday,03,1238
1,,09,Monday,04,823
1,,09,Monday,05,1873
1,,09,Monday,06,6758
1,,09,Monday,07,25748
1,,09,Monday,08,48428
1,,09,Monday,09,24582
1,,09,Monday,10,14567
1,,09,Monday,11,17813
1,,09,Monday,12,22175
1,,09,Monday,13,21285
1,,09,Monday,14,20651
1,,09,Monday,15,27014
1,,09,Monday,16,42897
1,,09,Monday,17,60923
1,,09,Monday,18,42820
1,,09,Monday,19,28313
1,,09,Monday,20,20057
1,,09,Monday,21,15942
1,,09,Monday,22,11468
1,,09,Monday,23,6862
1,,09,Saturday,00,12628
1,,09,Saturday,01,8975
1,,09,Saturday,02,6552
1,,09,Saturday,03,5212
1,,09,Saturday,04,2048
1,,09,Saturday,05,1518
1,,09,Saturday,06,2361
1,,09,Saturday,07,5264
1,,09,Saturday,08,10442
1,,09,Saturday,09,15543
1,,09,Saturday,10,17858
1,,09,Saturday,11,21987
1,,09,Saturday,12,24480
1,,09,Saturday,13,26091
1,,09,Saturday,14,27485
1,,09,Saturday,15,29237
1,,09,Saturday,16,29117
1,,09,Saturday,17,26477
1,,09,Saturday,18,24059
1,,09,Saturday,19,19919
1,,09,Saturday,20,15224
1,,09,Saturday,21,13201
1,,09,Saturday,22,12126
1,,09,Saturday,23,11409
1,,09,Sunday,00,10045
1,,09,Sunday,01,7597
1,,09,Sunday,02,5615
1,,09,Sunday,03,4804
1,,09,Sunday,04,2062
1,,09,Sunday,05,1416
1,,09,Sunday,06,2503
1,,09,Sunday,07,4228
1,,09,Sunday,08,7659
1,,09,Sunday,09,12495
1,,09,Sunday,10,17125
1,,09,Sunday,11,21055
1,,09,Sunday,12,23713
1,,09,Sunday,13,25522
1,,09,Sunday,14,27227
1,,09,Sunday,15,28984
1,,09,Sunday,16,29816
1,,09,Sunday,17,27322
1,,09,Sunday,18,23305
1,,09,Sunday,19,18032
1,,09,Sunday,20,13848
1,,09,Sunday,21,11577
1,,09,Sunday,22,9731
1,,09,Sunday,23,7128
1,,09,Thursday,00,5562
1,,09,Thursday,01,2559
1,,09,Thursday,02,1374
1,,09,Thursday,03,1025
1,,09,Thursday,04,732
1,,09,Thursday,05,2200
1,,09,Thursday,06,8699
1,,09,Thursday,07,33636
1,,09,Thursday,08,61956
1,,09,Thursday,09,31693
1,,09,Thursday,10,16512
1,,09,Thursday,11,19860
1,,09,Thursday,12,24270
1,,09,Thursday,13,23443
1,,09,Thursday,14,21634
1,,09,Thursday,15,27761
1,,09,Thursday,16,47130
1,,09,Thursday,17,68543
1,,09,Thursday,18,49857
1,,09,Thursday,19,34615
1,,09,Thursday,20,25731
1,,09,Thursday,21,20828
1,,09,Thursday,22,16359
1,,09,Thursday,23,11622
1,,09,Tuesday,00,3781
1,,09,Tuesday,01,1506
1,,09,Tuesday,02,888
1,,09,Tuesday,03,796
1,,09,Tuesday,04,608
1,,09,Tuesday,05,2263
1,,09,Tuesday,06,8895
1,,09,Tuesday,07,35261
1,,09,Tuesday,08,64530
1,,09,Tuesday,09,32027
1,,09,Tuesday,10,17029
1,,09,Tuesday,11,20155
1,,09,Tuesday,12,25138
1,,09,Tuesday,13,23196
1,,09,Tuesday,14,21446
1,,09,Tuesday,15,27719
1,,09,Tuesday,16,48337
1,,09,Tuesday,17,71781
1,,09,Tuesday,18,48711
1,,09,Tuesday,19,31744
1,,09,Tuesday,20,23370
1,,09,Tuesday,21,19646
1,,09,Tuesday,22,13978
1,,09,Tuesday,23,8772
1,,09,Wednesday,00,4990
1,,09,Wednesday,01,2169
1,,09,Wednesday,02,1189
1,,09,Wednesday,03,847
1,,09,Wednesday,04,663
1,,09,Wednesday,05,2091
1,,09,Wednesday,06,8394
1,,09,Wednesday,07,32880
1,,09,Wednesday,08,61820
1,,09,Wednesday,09,31939
1,,09,Wednesday,10,16762
1,,09,Wednesday,11,19831
1,,09,Wednesday,12,24675
1,,09,Wednesday,13,23010
1,,09,Wednesday,14,21247
1,,09,Wednesday,15,27497
1,,09,Wednesday,16,47285
1,,09,Wednesday,17,69736
1,,09,Wednesday,18,49178
1,,09,Wednesday,19,33300
1,,09,Wednesday,20,24785
1,,09,Wednesday,21,20619
1,,09,Wednesday,22,15005
1,,09,Wednesday,23,9717
1,,10,Friday,00,4762
1,,10,Friday,01,2545
1,,10,Friday,02,1436
1,,10,Friday,03,1159
1,,10,Friday,04,661
1,,10,Friday,05,1545
1,,10,Friday,06,5836
1,,10,Friday,07,21045
1,,10,Friday,08,42429
1,,10,Friday,09,24877
1,,10,Friday,10,13767
1,,10,Friday,11,16106
1,,10,Friday,12,19609
1,,10,Friday,13,19050
1,,10,Friday,14,18009
1,,10,Friday,15,23368
1,,10,Friday,16,36219
1,,10,Friday,17,44710
1,,10,Friday,18,30952
1,,10,Friday,19,20801
1,,10,Friday,20,14912
1,,10,Friday,21,12276
1,,10,Friday,22,10399
1,,10,Friday,23,8759
1,,10,Monday,00,3193
1,,10,Monday,01,1715
1,,10,Monday,02,1090
1,,10,Monday,03,977
1,,10,Monday,04,592
1,,10,Monday,05,1317
1,,10,Monday,06,5004
1,,10,Monday,07,17923
1,,10,Monday,08,37342
1,,10,Monday,09,21621
1,,10,Monday,10,12343
1,,10,Monday,11,13747
1,,10,Monday,12,16487
1,,10,Monday,13,16330
1,,10,Monday,14,15427
1,,10,Monday,15,19531
1,,10,Monday,16,31735
1,,10,Monday,17,44538
1,,10,Monday,18,29821
1,,10,Monday,19,19472
1,,10,Monday,20,14502
1,,10,Monday,21,11601
1,,10,Monday,22,8288
1,,10,Monday,23,5466
1,,10,Saturday,00,7951
1,,10,Saturday,01,5917
1,,10,Saturday,02,4399
1,,10,Saturday,03,3493
1,,10,Saturday,04,1361
1,,10,Saturday,05,1009
1,,10,Saturday,06,1682
1,,10,Saturday,07,3214
1,,10,Saturday,08,6837
1,,10,Saturday,09,10265
1,,10,Saturday,10,12043
1,,10,Saturday,11,14557
1,,10,Saturday,12,16327
1,,10,Saturday,13,17223
1,,10,Saturday,14,18367
1,,10,Saturday,15,19697
1,,10,Saturday,16,19876
1,,10,Saturday,17,17773
1,,10,Saturday,18,14502
1,,10,Saturday,19,11664
1,,10,Saturday,20,9037
1,,10,Saturday,21,7823
1,,10,Saturday,22,7507
1,,10,Saturday,23,6829
1,,10,Sunday,00,6398
1,,10,Sunday,01,5071
1,,10,Sunday,02,3819
1,,10,Sunday,03,3279
1,,10,Sunday,04,1414
1,,10,Sunday,05,891
1,,10,Sunday,06,1409
1,,10,Sunday,07,2376
1,,10,Sunday,08,4519
1,,10,Sunday,09,7510
1,,10,Sunday,10,10258
1,,10,Sunday,11,12379
1,,10,Sunday,12,14230
1,,10,Sunday,13,15784
1,,10,Sunday,14,17210
1,,10,Sunday,15,18036
1,,10,Sunday,16,18598
1,,10,Sunday,17,16952
1,,10,Sunday,18,13600
1,,10,Sunday,19,10304
1,,10,Sunday,20,7589
1,,10,Sunday,21,6548
1,,10,Sunday,22,5782
1,,10,Sunday,23,4570
1,,10,Thursday,00,4099
1,,10,Thursday,01,1776
1,,10,Thursday,02,918
1,,10,Thursday,03,694
1,,10,Thursday,04,562
1,,10,Thursday,05,1709
1,,10,Thursday,06,6399
1,,10,Thursday,07,23722
1,,10,Thursday,08,46870
1,,10,Thursday,09,25623
1,,10,Thursday,10,12557
1,,10,Thursday,11,14547
1,,10,Thursday,12,17130
1,,10,Thursday,13,16502
1,,10,Thursday,14,14759
1,,10,Thursday,15,19000
1,,10,Thursday,16,32100
1,,10,Thursday,17,46793
1,,10,Thursday,18,32421
1,,10,Thursday,19,21192
1,,10,Thursday,20,16235
1,,10,Thursday,21,13415
1,,10,Thursday,22,10906
1,,10,Thursday,23,7186
1,,10,Tuesday,00,3075
1,,10,Tuesday,01,1300
1,,10,Tuesday,02,640
1,,10,Tuesday,03,606
1,,10,Tuesday,04,535
1,,10,Tuesday,05,1678
1,,10,Tuesday,06,6970
1,,10,Tuesday,07,24914
1,,10,Tuesday,08,49478
1,,10,Tuesday,09,26764
1,,10,Tuesday,10,13735
1,,10,Tuesday,11,16000
1,,10,Tuesday,12,19177
1,,10,Tuesday,13,18002
1,,10,Tuesday,14,16440
1,,10,Tuesday,15,21152
1,,10,Tuesday,16,36308
1,,10,Tuesday,17,53181
1,,10,Tuesday,18,36241
1,,10,Tuesday,19,22431
1,,10,Tuesday,20,17463
1,,10,Tuesday,21,14750
1,,10,Tuesday,22,10782
1,,10,Tuesday,23,6736
1,,10,Wednesday,00,3786
1,,10,Wednesday,01,1712
1,,10,Wednesday,02,931
1,,10,Wednesday,03,735
1,,10,Wednesday,04,588
1,,10,Wednesday,05,1871
1,,10,Wednesday,06,7157
1,,10,Wednesday,07,25886
1,,10,Wednesday,08,50977
1,,10,Wednesday,09,28340
1,,10,Wednesday,10,14304
1,,10,Wednesday,11,16479
1,,10,Wednesday,12,20247
1,,10,Wednesday,13,18928
1,,10,Wednesday,14,17404
1,,10,Wednesday,15,22120
1,,10,Wednesday,16,37541
1,,10,Wednesday,17,55411
1,,10,Wednesday,18,37480
1,,10,Wednesday,19,23655
1,,10,Wednesday,20,17350
1,,10,Wednesday,21,14691
1,,10,Wednesday,22,11167
1,,10,Wednesday,23,6824
1,,11,Friday,00,1069
1,,11,Friday,01,607
1,,11,Friday,02,365
1,,11,Friday,03,244
1,,11,Friday,04,141
1,,11,Friday,05,330
1,,11,Friday,06,1322
1,,11,Friday,07,4668
1,,11,Friday,08,10439
1,,11,Friday,09,6294
1,,11,Friday,10,3388
1,,11,Friday,11,3908
1,,11,Friday,12,4205
1,,11,Friday,13,4197
1,,11,Friday,14,3927
1,,11,Friday,15,5105
1,,11,Friday,16,7854
1,,11,Friday,17,9250
1,,11,Friday,18,6470
1,,11,Friday,19,4188
1,,11,Friday,20,3061
1,,11,Friday,21,2451
1,,11,Friday,22,2056
1,,11,Friday,23,1829
1,,11,Monday,00,631
1,,11,Monday,01,282
1,,11,Monday,02,145
1,,11,Monday,03,127
1,,11,Monday,04,123
1,,11,Monday,05,379
1,,11,Monday,06,1553
1,,11,Monday,07,6030
1,,11,Monday,08,12070
1,,11,Monday,09,6545
1,,11,Monday,10,3185
1,,11,Monday,11,3654
1,,11,Monday,12,4523
1,,11,Monday,13,4380
1,,11,Monday,14,4036
1,,11,Monday,15,5055
1,,11,Monday,16,8692
1,,11,Monday,17,12185
1,,11,Monday,18,8182
1,,11,Monday,19,5223
1,,11,Monday,20,3714
1,,11,Monday,21,3033
1,,11,Monday,22,2049
1,,11,Monday,23,1247
1,,11,Saturday,00,1858
1,,11,Saturday,01,1433
1,,11,Saturday,02,1100
1,,11,Saturday,03,942
1,,11,Saturday,04,340
1,,11,Saturday,05,271
1,,11,Saturday,06,422
1,,11,Saturday,07,862
1,,11,Saturday,08,1907
1,,11,Saturday,09,2784
1,,11,Saturday,10,3211
1,,11,Saturday,11,3803
1,,11,Saturday,12,4278
1,,11,Saturday,13,4758
1,,11,Saturday,14,4914
1,,11,Saturday,15,4951
1,,11,Saturday,16,5027
1,,11,Saturday,17,4340
1,,11,Saturday,18,3691
1,,11,Saturday,19,2989
1,,11,Saturday,20,2297
1,,11,Saturday,21,1840
1,,11,Saturday,22,1820
1,,11,Saturday,23,1617
1,,11,Sunday,00,1600
1,,11,Sunday,01,1909
1,,11,Sunday,02,921
1,,11,Sunday,03,783
1,,11,Sunday,04,334
1,,11,Sunday,05,270
1,,11,Sunday,06,349
1,,11,Sunday,07,673
1,,11,Sunday,08,1326
1,,11,Sunday,09,2292
1,,11,Sunday,10,3171
1,,11,Sunday,11,3769
1,,11,Sunday,12,4473
1,,11,Sunday,13,4690
1,,11,Sunday,14,5030
1,,11,Sunday,15,5282
1,,11,Sunday,16,4966
1,,11,Sunday,17,4081
1,,11,Sunday,18,3198
1,,11,Sunday,19,2437
1,,11,Sunday,20,1956
1,,11,Sunday,21,1688
1,,11,Sunday,22,1508
1,,11,Sunday,23,1042
1,,11,Thursday,00,1135
1,,11,Thursday,01,485
1,,11,Thursday,02,280
1,,11,Thursday,03,230
1,,11,Thursday,04,153
1,,11,Thursday,05,459
1,,11,Thursday,06,1880
1,,11,Thursday,07,6543
1,,11,Thursday,08,13323
1,,11,Thursday,09,7501
1,,11,Thursday,10,3823
1,,11,Thursday,11,4255
1,,11,Thursday,12,5060
1,,11,Thursday,13,4655
1,,11,Thursday,14,4177
1,,11,Thursday,15,5271
1,,11,Thursday,16,8510
1,,11,Thursday,17,12022
1,,11,Thursday,18,8242
1,,11,Thursday,19,5532
1,,11,Thursday,20,4271
1,,11,Thursday,21,3408
1,,11,Thursday,22,2842
1,,11,Thursday,23,1770
1,,11,Tuesday,00,787
1,,11,Tuesday,01,325
1,,11,Tuesday,02,185
1,,11,Tuesday,03,184
1,,11,Tuesday,04,140
1,,11,Tuesday,05,431
1,,11,Tuesday,06,1882
1,,11,Tuesday,07,6757
1,,11,Tuesday,08,13405
1,,11,Tuesday,09,7344
1,,11,Tuesday,10,3729
1,,11,Tuesday,11,4461
1,,11,Tuesday,12,5240
1,,11,Tuesday,13,5048
1,,11,Tuesday,14,4562
1,,11,Tuesday,15,5875
1,,11,Tuesday,16,9884
1,,11,Tuesday,17,13847
1,,11,Tuesday,18,9170
1,,11,Tuesday,19,6000
1,,11,Tuesday,20,4409
1,,11,Tuesday,21,3795
1,,11,Tuesday,22,2829
1,,11,Tuesday,23,1659
1,,11,Wednesday,00,1074
1,,11,Wednesday,01,546
1,,11,Wednesday,02,288
1,,11,Wednesday,03,230
1,,11,Wednesday,04,152
1,,11,Wednesday,05,500
1,,11,Wednesday,06,1900
1,,11,Wednesday,07,6807
1,,11,Wednesday,08,14189
1,,11,Wednesday,09,7825
1,,11,Wednesday,10,4077
1,,11,Wednesday,11,4553
1,,11,Wednesday,12,5615
1,,11,Wednesday,13,5516
1,,11,Wednesday,14,4838
1,,11,Wednesday,15,6137
1,,11,Wednesday,16,9817
1,,11,Wednesday,17,14307
1,,11,Wednesday,18,9587
1,,11,Wednesday,19,6258
1,,11,Wednesday,20,4470
1,,11,Wednesday,21,3872
1,,11,Wednesday,22,2869
1,,11,Wednesday,23,1782
